O que é conta-corrente?	É o tipo de conta mais comum e completa oferecida pelos bancos, aberta por qualquer pessoa para receber pagamentos, pagar contas, fazer transferências, ter cartão de crédito e cheque, e sacar dinheiro.	#conta-corrente #conceitos
Quais são as funcionalidades de uma conta-corrente?	Receber pagamentos, pagar contas, fazer transferências, ter cartão de crédito e cheque, e sacar dinheiro.	#conta-corrente #funcionalidades
Há restrições quanto aos depósitos em conta-corrente?	Não, não há restrições quanto aos depósitos que o titular pode receber, incluindo o salário.	#conta-corrente #depositos
Quem é responsável pela abertura de uma conta-salário?	O empregador - empresa ou órgão público.	#conta-salario #conceitos
O que é portabilidade salarial?	É quando o empregado solicita a transferência do recebimento de salário para outra instituição financeira sem nenhum tipo de custo.	#conta-salario #portabilidade
Conta-salário possui custos ou tarifas para o titular?	Não, não possui custos nem tarifas para o titular.	#conta-salario #tarifas
Quais serviços básicos já estão incluídos na conta-salário?	Extrato, portabilidade e saque.	#conta-salario #servicos
A conta-salário permite recebimento de depósitos de terceiros?	Não, a conta-salário não permite o recebimento de depósitos à vista ou de terceiros - apenas do empregador.	#conta-salario #restricoes
Quais serviços NÃO estão disponíveis na conta-salário?	Serviços de crédito, cheques e investimentos.	#conta-salario #restricoes
O que são depósitos à vista?	São valores em reais disponíveis na conta-corrente para uso imediato, sem restrições de utilização ou remuneração.	#depositos-vista #conceitos
Quais características os depósitos à vista oferecem?	Segurança, rastreabilidade e alta liquidez ao mercado.	#depositos-vista #caracteristicas
Depósitos à vista são tradicionalmente remunerados?	Não, embora tradicionalmente não sejam remunerados, algumas instituições financeiras (especialmente bancos digitais e fintechs) têm oferecido rendimento para atrair clientes.	#depositos-vista #remuneracao
Qual lei estabeleceu o Sistema Financeiro Nacional em 1964?	Lei nº 4.595 de 1964.	#depositos-vista #legislacao #lei-4595
Qual lei regulou o Sistema de Pagamentos Brasileiro (SPB) em 2001?	Lei nº 10.214 de 2001.	#depositos-vista #legislacao #lei-10214
O que é o FGC?	FGC é o Fundo Garantidor de Crédito, criado em 1995, que oferece proteção a depositantes e investidores.	#fgc #conceitos
Em que ano foi criado o FGC?	1995.	#fgc #valores #ano
Qual o percentual mensal que as instituições financeiras recolhem para o FGC?	0,01% dos depósitos à vista e dos produtos que contam com essa cobertura.	#fgc #valores
Qual a cobertura máxima do FGC?	R$ 250 mil por CPF ou CNPJ, por instituição financeira.	#fgc #valores #cobertura
A cobertura do FGC é por CPF ou por instituição?	Por CPF ou CNPJ E por instituição financeira (ambos os critérios se aplicam).	#fgc #cobertura
O FGC possui algum aplicativo?	Sim, o FGC conta com um aplicativo no qual é possível acompanhar o processo de liquidação da instituição financeira.	#fgc #tecnologia
Qual o prazo para o FGC iniciar os pagamentos?	Após o recebimento da relação de credores, o FGC inicia os pagamentos em até 2 dias úteis.	#fgc #valores #prazo
O que é depósito compulsório?	É uma ferramenta da política monetária do Banco Central que obriga os bancos a recolher parte dos recursos captados, controlando a circulação de dinheiro na economia.	#deposito-compulsorio #conceitos
Como funciona o depósito compulsório?	Quando é feito um depósito, os bancos são obrigados a recolher, via alíquota definida pelo Banco Central, parte dos recursos captados, que ficam guardados no próprio Banco Central.	#deposito-compulsorio #funcionamento
Onde fica guardado o valor do depósito compulsório?	No próprio Banco Central.	#deposito-compulsorio #conceitos
O que é "poupança forçada"?	É quando o Banco Central reduz a alíquota do compulsório para liberar bilhões de reais para a economia, aumentando a liquidez do mercado.	#deposito-compulsorio #conceitos
Quais são os principais objetivos do depósito compulsório?	Controle da inflação, regulação da liquidez e estabilidade do sistema bancário.	#deposito-compulsorio #objetivos
O que significa TED?	Transferência Eletrônica Disponível.	#modalidades-recebimento #ted
O que é Pix?	Sistema instantâneo de transferências criado em 2020, referência mundial para efetuar transferências online de forma rápida, segura e eficiente.	#modalidades-recebimento #pix
Para que são utilizados os boletos bancários?	Amplamente utilizados para transações comerciais.	#modalidades-recebimento #boleto
Cheques ainda são utilizados atualmente?	Atualmente são menos utilizados, porém com algumas garantias para transações de alto valor.	#modalidades-recebimento #cheque
O que são carteiras digitais?	Entradas das fintechs que garantem rápida liquidação das operações.	#modalidades-recebimento #carteiras-digitais
O que são gateways de pagamento?	Ambientes de negociação utilizados pelo e-commerce, onde é possível processar pagamentos com total segurança.	#modalidades-recebimento #gateway
Para que serve a tecnologia blockchain no sistema bancário?	Ainda pouco utilizada, permite recebimentos através de criptomoedas.	#modalidades-recebimento #blockchain
O que é tarifa bancária?	É a cobrança pelos serviços exclusivos que as instituições financeiras oferecem ao cliente, desde que previamente divulgada com transparência.	#tarifas #conceitos
O que as instituições financeiras podem divulgar sobre tarifas?	Forma de pagamento, periodicidade, valor e quantidade de serviços disponíveis no pacote.	#tarifas #divulgacao
O cliente pode migrar de pacote de serviços?	Sim, a qualquer momento o cliente pode migrar de pacote de serviços com o objetivo de reduzir seus gastos.	#tarifas #direitos
Qual resolução explica quais serviços podem ser cobrados pelos bancos?	Resolução Bacen nº 3.919/2010.	#tarifas #legislacao #resolucao-3919
Cite exemplos de tarifas que podem ser cobradas	Tarifa de manutenção da conta, de transferência (TED e Pix), para saques, emissão de extrato e boleto bancário.	#tarifas #exemplos
O que é o pacote essencial?	É um pacote gratuito que todas as instituições devem oferecer, garantindo alguns direitos básicos ao cliente.	#pacote-essencial #conceitos
Quantos saques mensais estão incluídos no pacote essencial?	4 saques mensais.	#pacote-essencial #valores #saques
Quantas transferências estão incluídas no pacote essencial?	2 transferências entre contas da mesma instituição por mês.	#pacote-essencial #valores #transferencias
Quantos extratos mensais estão incluídos no pacote essencial?	2 extratos mensais.	#pacote-essencial #valores #extratos
Quantas consultas pela internet estão incluídas no pacote essencial?	Consultas ilimitadas pela internet.	#pacote-essencial #valores #internet
O pacote essencial inclui cartão de débito?	Sim, cartão de débito básico.	#pacote-essencial #cartao
Quais são as regras básicas de atendimento bancário?	As agências devem garantir atendimento presencial com serviços essenciais, respeitar tempo de espera, assegurar atendimento prioritário, cumprir horários de funcionamento e promover acessibilidade.	#atendimento #regras
Qual é o horário padrão de atendimento presencial nas agências bancárias?	Das 10h às 16h em dias úteis.	#atendimento #valores #horario
Qual é o tempo máximo de espera em filas bancárias em dias normais?	15 minutos em dias normais (segundo algumas leis municipais e estaduais).	#atendimento #valores #tempo-espera
Qual é o tempo máximo de espera em filas bancárias em períodos de alta demanda?	30 minutos em períodos de alta demanda ou vésperas de feriados.	#atendimento #valores #tempo-espera
O que estabelece a Resolução nº 4880/2020?	Enfatiza a transparência, a prestação de contas e a responsabilidade da Alta Administração das instituições financeiras.	#atendimento #legislacao #resolucao-4880
O que estabelece a Resolução nº 3694/2009?	Estabelece a necessidade de haver uma comissão de risco para monitorar e mitigar os riscos de crédito, mercado, operacional e outros riscos financeiros.	#atendimento #legislacao #resolucao-3694
O que exige a Circular nº 3656/2013?	Exige que as instituições estabeleçam um sistema de controles internos e implementem políticas e procedimentos que visem a prevenção à lavagem de dinheiro e ao financiamento ao terrorismo.	#atendimento #legislacao #circular-3656
O que estabelece a Lei nº 10048/2000?	Estabelece o direito ao atendimento prioritário para idosos, gestantes, lactantes e pessoas com deficiências.	#atendimento #legislacao #lei-10048
Desde quando há garantias sobre privacidade bancária no Brasil?	Desde a Constituição Federal de 1988.	#sigilo-bancario #legislacao #ano
Qual é o principal marco legal sobre sigilo bancário?	Lei Complementar nº 105/2001.	#sigilo-bancario #legislacao #lei-105
Em quais situações pode ocorrer quebra de sigilo bancário?	Por ordem judicial (em investigações fiscais, tributárias, criminais, entre outras) ou por interesse público (especialmente em casos de lavagem de dinheiro).	#sigilo-bancario #quebra-sigilo
Em que ano entrou em vigor a LGPD?	2020.	#lgpd #ano
O cliente pode revogar consentimento para divulgação de seus dados?	Sim, de posse de seus dados, o cliente pode, a qualquer momento, revogar o consentimento para sua divulgação.	#lgpd #direitos
Ferramentas de IA precisam estar adequadas à LGPD?	Sim, ferramentas que utilizam IA, como chatbots e atendimentos virtuais, também precisam estar adequadas às regras da LGPD.	#lgpd #ia #tecnologia
Transações envolvendo terceiros precisam de autorização do cliente?	Sim, as transações envolvendo terceiros, que podem ocorrer internamente nas áreas das instituições, também exigem a autorização do cliente.	#lgpd #transacoes
O que significa KYC?	Know Your Customer (Conheça Seu Cliente).	#kyc #conceitos
O que é PLD?	Prevenção à Lavagem de Dinheiro.	#pld #conceitos
Quais são os objetivos do KYC e PLD?	Proteção das transações, verificação da origem dos recursos transacionados e monitoramento de operações atípicas que não condizem com a capacidade financeira do cliente.	#kyc #pld #objetivos
Para que servem os protocolos KYC e PLD?	São fundamentais para o combate à lavagem de dinheiro, ao financiamento ao terrorismo e a outras atividades ilícitas.	#kyc #pld #objetivos
Quando profissionais adotam protocolos específicos de investigação?	Sempre que ocorre uma movimentação elevada de câmbio, investimento, transferência ou depósito que foge ao padrão habitual.	#kyc #pld #monitoramento
Caso Mário: Se ele receber herança de R$ 150 mil, estará protegido pelo FGC?	Sim, terá seus recursos disponíveis no depósito à vista, caso os valores estejam dentro do limite estabelecido pelo FGC (R$ 250 mil), por CPF por instituição financeira ou conglomerado financeiro.	#exemplos #fgc #caso-mario
Caso Giovanna: Qual sistema resolve problemas de demora no recebimento de pagamentos?	Pix, um sistema de pagamento instantâneo criado em 2020, referência mundial, criado para efetuar transferências online de forma rápida, segura e eficiente.	#exemplos #pix #caso-giovanna
Caso Carlos: O que Carlos pode fazer para evitar tarifas?	Solicitar, a qualquer momento, que seja cadastrado o pacote essencial em sua conta, um pacote isento que inclui apenas alguns serviços específicos.	#exemplos #pacote-essencial #caso-carlos
Caso Renata: O gerente agiu corretamente ao recusar receber carta com dados sensíveis de terceiros?	Sim, o gerente agiu corretamente e garantiu o cumprimento da LGPD para tratativa de informações sigilosas e sensíveis.	#exemplos #lgpd #caso-renata
Procedimentos de segurança na abertura de conta: Quais informações devem ser solicitadas?	Informações sobre fontes de renda, patrimônio, comprovação de rendimentos, vínculos com entidades públicas, transações internacionais, se será beneficiário final da conta e dados básicos de identificação pessoal.	#exemplos #kyc #abertura-conta
Qual a diferença fundamental entre conta-corrente e conta-salário?	A conta-corrente não tem restrições de depósitos e permite diversos serviços financeiros. A conta-salário é destinada exclusivamente ao recebimento de salários, não permitindo depósitos de terceiros nem acesso a serviços de crédito ou investimentos.	#conta-corrente #conta-salario #comparacao
O que a Lei nº 4.595/1964 estabeleceu?	Estabeleceu o Sistema Financeiro Nacional (SFN) e deu ao Conselho Monetário Nacional (CMN) a competência para regular as instituições financeiras e depósitos à vista.	#legislacao #lei-4595 #sfn
O que a Lei nº 10.214/2001 regulamentou?	Regulou o Sistema de Pagamentos Brasileiro (SPB) e estabeleceu as regras para garantir que os recursos do depósito à vista estivessem em total segurança.	#legislacao #lei-10214 #spb
Quais pontos importantes estão na Lei nº 10.214/2001?	Responsabilidade do Banco Central, finalidade das transações, sistema de liquidação, proteção contra falência, dentre outros.	#legislacao #lei-10214 #spb
Quando o Banco Central pode reduzir a alíquota do compulsório?	Quando o mercado precisa de mais liquidez - ou seja, mais crédito, negócios e crescimento econômico.	#deposito-compulsorio #politica-monetaria
Que tipo de regras as instituições financeiras podem criar para isentar clientes de tarifas?	Regras de elegibilidade como tempo de conta, relacionamento, volume de investimentos, gastos no cartão de crédito, entre outras.	#tarifas #isencao
Quais exceções existem para o horário de atendimento bancário padrão (10h-16h)?	Casos de emergência ou crise (ex: pandemia), vésperas de feriados, períodos de alta demanda ou adaptações às legislações regionais.	#atendimento #horario #excecoes
Há norma que estabelece tempo máximo de espera em filas bancárias?	Não há resolução direta da Febraban ou do Banco Central, mas existem leis municipais e estaduais que determinam tempo máximo de 15 minutos em dias normais e 30 minutos em alta demanda.	#atendimento #tempo-espera #legislacao
O que mudou com a LGPD na forma como bancos prospectam clientes?	A forma como os bancos prospectam novos clientes foi alterada, exigindo consentimento e possibilidade de revogação pelo cliente.	#lgpd #prospeccao
O valor do compulsório pode ser utilizado pela instituição financeira?	Não, o valor destinado ao compulsório não pode ser utilizado pela instituição financeira para novos empréstimos ou investimentos.	#deposito-compulsorio #restricoes
O FGC cobre apenas depósitos à vista?	Não, o FGC cobre depósitos à vista e investimentos protegidos, totalizando até R$ 250 mil por CPF/CNPJ, por instituição.	#fgc #cobertura #produtos
Qual o papel do Banco Central no Sistema de Pagamentos Brasileiro?	Responsabilidade pela segurança, finalidade das transações, sistema de liquidação e proteção contra falência.	#spb #banco-central #lei-10214
A conta-corrente contribui para qual aspecto social?	Contribui para a inclusão financeira, tornando os direitos da sociedade mais igualitários ao ampliar o acesso a serviços básicos.	#conta-corrente #inclusao-financeira
Qual a função do depósito à vista no mercado?	Garante liquidez e dinamismo ao mercado, além de estimular novos negócios.	#depositos-vista #liquidez #mercado
Por que algumas fintechs oferecem rendimento em depósitos à vista?	Para atrair clientes, oferecendo vantagem competitiva em relação aos bancos tradicionais.	#depositos-vista #fintechs #remuneracao
Qual a relação entre depósito compulsório e inflação?	O depósito compulsório é uma das maneiras de controlar a inflação, pois pode aumentar ou diminuir a circulação de dinheiro na economia.	#deposito-compulsorio #inflacao #controle
Onde encontrar informações sobre histórico de alíquotas do compulsório?	No site do Banco Central (www.bcb.gov.br/estabilidadefinanceira/recolhimentoscompulsorios).	#deposito-compulsorio #banco-central #informacoes
Quais são as novas modalidades de recebimento de recursos?	TED, Pix, boleto bancário, cheques, carteiras digitais, gateways de pagamento e blockchain.	#modalidades-recebimento #tecnologia
Em que ano foi criado o Pix?	2020.	#pix #ano #modalidades-recebimento
Qual a característica principal do Pix?	Sistema de pagamento instantâneo, que efetua transferências online de forma rápida, segura e eficiente, em tempo real e sem custo.	#pix #caracteristicas
O que garante o sigilo bancário na legislação brasileira?	A Constituição Federal de 1988 e a Lei Complementar nº 105/2001.	#sigilo-bancario #legislacao #constituicao
O sigilo bancário é absoluto?	Não, pode ocorrer quebra mediante ordem judicial ou em situações de interesse público.	#sigilo-bancario #quebra #excecoes