Tengo que <b>entregar</b> el resumen manana.	Tenho que <b>entregar</b> o resumo amanha.
Voy a <b>buscar</b> un articulo sobre el tema.	Vou <b>procurar</b> um artigo sobre o tema.
Necesito <b>ahorrar</b> para el viaje.	Preciso <b>economizar</b> para a viagem.
Quiero <b>pagar</b> la cuenta hoy.	Quero <b>pagar</b> a conta hoje.
Prefiero <b>correr</b> por la manana.	Prefiro <b>correr</b> de manha.
Voy a <b>entrenar</b> despues de la clase.	Vou <b>treinar</b> depois da aula.
Tengo que <b>limpiar</b> la cocina.	Tenho que <b>limpar</b> a cozinha.
Podemos <b>hablar</b> despues de la cena.	Podemos <b>conversar</b> depois do jantar.
Me gusta <b>caminar</b> cerca de casa.	Gosto de <b>caminhar</b> perto de casa.
Necesito <b>comprar</b> comida para la semana.	Preciso <b>comprar</b> comida para a semana.
Voy a <b>revisar</b> mis notas antes de dormir.	Vou <b>revisar</b> minhas anotacoes antes de dormir.
Esta parte del texto es <b>clara</b>.	Esta parte do texto esta <b>clara</b>.
La reunion fue <b>larga</b>, pero util.	A reuniao foi <b>longa</b>, mas util.
Necesito un lugar <b>tranquilo</b> para estudiar.	Preciso de um lugar <b>tranquilo</b> para estudar.
Voy a <b>preparar</b> el cafe ahora.	Vou <b>preparar</b> o cafe agora.
No quiero <b>gastar</b> mucho este mes.	Nao quero <b>gastar</b> muito este mes.
Tenemos que <b>reservar</b> el hotel pronto.	Temos que <b>reservar</b> o hotel logo.
Quiero <b>mejorar</b> mi pronunciacion.	Quero <b>melhorar</b> minha pronuncia.
Voy a <b>mandar</b> el mensaje mas tarde.	Vou <b>mandar</b> a mensagem mais tarde.
Necesito <b>descansar</b> un poco hoy.	Preciso <b>descansar</b> um pouco hoje.
Esta clase es <b>muy</b> interesante.	Esta aula e <b>muito</b> interessante.
Tengo <b>poco</b> tiempo ahora.	Tenho <b>pouco</b> tempo agora.
La biblioteca esta <b>cerca</b> de la facultad.	A biblioteca fica <b>perto</b> da faculdade.
Quiero estudiar <b>mas</b> esta semana.	Quero estudar <b>mais</b> esta semana.
El trabajo esta <b>bien</b> organizado.	O trabalho esta <b>bem</b> organizado.
Esta semana voy a <b>organizar</b> mis datos de investigacion.	Esta semana vou <b>organizar</b> meus dados de pesquisa.
El lunes quiero <b>importar</b> las tarjetas nuevas.	Na segunda-feira quero <b>importar</b> os cartoes novos.
Voy a <b>separar</b> tiempo para correr tres dias.	Vou <b>separar</b> tempo para correr tres dias.
Necesito <b>controlar</b> mejor mis gastos pequenos.	Preciso <b>controlar</b> melhor meus gastos pequenos.
Quiero <b>repasar</b> espanol antes de abrir Duolingo.	Quero <b>repassar</b> espanhol antes de abrir o Duolingo.
