Tarefa,Tag de conteúdo,Quantidade de cartões,IDs/cartões vinculados
CPA 03,tema::ambiental,1,N147 Como risco ambiental pode gerar perdas financeiras? (p. 48)
CPA 03,tema::anbima,1,N007 O que a Anbima faz na distribuição de investimentos? (p. 54)
CPA 03,tema::autorregulacao,3,N005 Que papel a BSM exerce no mercado? (p. 51); N006 Quais frentes gerais caracterizam a autorregulação de mercado? (p. 53); N007 O que a Anbima faz na distribuição de investimentos? (p. 54)
CPA 03,tema::bsm,1,N005 Que papel a BSM exerce no mercado? (p. 51)
CPA 03,tema::concentracao,1,N223 O que é risco de concentração? (p. 44)
CPA 03,tema::credito,2,N001 Como diferenciar risco de crédito de risco de mercado? (p. 41); N222 Como diferenciar risco de inadimplência e risco de degradação da qualidade de crédito? (p. 43)
CPA 03,tema::distribuicao,2,N008 Que cuidado o Código de Distribuição exige antes de recomendar um produto? (p. 58); N009 Quando a instituição deve atualizar o perfil do investidor? (p. 62)
CPA 03,tema::diversificacao,1,N003 Como a diversificação reduz risco de carteira? (p. 45)
CPA 03,tema::garantias,1,N010 Por que uma garantia não torna um investimento sem risco? (p. 179)
CPA 03,tema::liquidacao,1,N002 O que distingue risco de liquidação de risco de crédito? (p. 41)
CPA 03,tema::liquidez,1,N148 Como mitigar risco de liquidez de uma carteira? (p. 46)
CPA 03,tema::mercado,2,N001 Como diferenciar risco de crédito de risco de mercado? (p. 41); N224 O que significa risco sistemático? (p. 44)
CPA 03,tema::operacional,1,N145 O que caracteriza risco operacional? (p. 50)
CPA 03,tema::reinvestimento,1,N004 O que é risco de reinvestimento? (p. 49)
CPA 03,tema::riscos,12,N001 Como diferenciar risco de crédito de risco de mercado? (p. 41); N002 O que distingue risco de liquidação de risco de crédito? (p. 41); N003 Como a diversificação reduz risco de carteira? (p. 45); N004 O que é risco de reinvestimento? (p. 49); N010 Por que uma garantia não torna um investimento sem risco? (p. 179); N145 O que caracteriza risco operacional? (p. 50); N146 Como risco social pode afetar uma instituição financeira? (p. 47); N147 Como risco ambiental pode gerar perdas financeiras? (p. 48); N148 Como mitigar risco de liquidez de uma carteira? (p. 46); N222 Como diferenciar risco de inadimplência e risco de degradação da qualidade de crédito? (p. 43); N223 O que é risco de concentração? (p. 44); N224 O que significa risco sistemático? (p. 44)
CPA 03,tema::social,1,N146 Como risco social pode afetar uma instituição financeira? (p. 47)
CPA 03,tema::suitability,2,N008 Que cuidado o Código de Distribuição exige antes de recomendar um produto? (p. 58); N009 Quando a instituição deve atualizar o perfil do investidor? (p. 62)
CPA 04,tema::acumulada,2,"N018 Como combinar retornos de dois períodos consecutivos? (p. 77); N206 Como calcular retorno acumulado de +5%, depois −4%? (p. 77)"
CPA 04,tema::calculadora,1,N011 Como funciona a entrada de dados na HP-12C com notação polonesa reversa? (p. 65)
CPA 04,tema::calculo,7,"N013 Quanto rende em termos reais uma aplicação de 15% com inflação de 9%? (p. 69); N015 Qual é o valor futuro de R$ 1.000 a 2% ao mês por 3 meses, com capitalização composta? (p. 70); N017 Como calcular a taxa real de um investimento com retorno de 15% e inflação de 5%? (p. 72); N204 Qual é a taxa efetiva anual equivalente a 4% ao mês? (p. 75); N206 Como calcular retorno acumulado de +5%, depois −4%? (p. 77); N208 Quanto capital é necessário para gerar renda perpétua de R$ 5.000 por mês a 0,5% ao mês? (p. 79); N210 Qual o montante de R$ 1.500 aplicados por 6 meses a 1,4% ao mês? (p. 82)"
CPA 04,tema::compostos,4,"N014 Qual é a fórmula do montante em juros compostos? (p. 70); N015 Qual é o valor futuro de R$ 1.000 a 2% ao mês por 3 meses, com capitalização composta? (p. 70); N203 Por que taxa e prazo precisam usar a mesma periodicidade? (p. 79); N210 Qual o montante de R$ 1.500 aplicados por 6 meses a 1,4% ao mês? (p. 82)"
CPA 04,tema::equivalentes,2,N016 Como converter uma taxa mensal efetiva em taxa anual efetiva? (p. 73); N204 Qual é a taxa efetiva anual equivalente a 4% ao mês? (p. 75)
CPA 04,tema::formula,1,N014 Qual é a fórmula do montante em juros compostos? (p. 70)
CPA 04,tema::hp12c,3,N011 Como funciona a entrada de dados na HP-12C com notação polonesa reversa? (p. 65); N203 Por que taxa e prazo precisam usar a mesma periodicidade? (p. 79); N209 Que cuidados tomar ao calcular valor presente e valor futuro na HP-12C? (p. 80)
CPA 04,tema::inflacao,1,N012 Qual é a diferença entre taxa nominal e taxa real? (p. 69)
CPA 04,tema::juros,4,"N014 Qual é a fórmula do montante em juros compostos? (p. 70); N015 Qual é o valor futuro de R$ 1.000 a 2% ao mês por 3 meses, com capitalização composta? (p. 70); N203 Por que taxa e prazo precisam usar a mesma periodicidade? (p. 79); N210 Qual o montante de R$ 1.500 aplicados por 6 meses a 1,4% ao mês? (p. 82)"
CPA 04,tema::perpetuidade,1,"N208 Quanto capital é necessário para gerar renda perpétua de R$ 5.000 por mês a 0,5% ao mês? (p. 79)"
CPA 04,tema::proporcionais,1,N205 Como diferem taxas proporcionais e equivalentes? (p. 76)
CPA 04,tema::rentabilidade,3,"N018 Como combinar retornos de dois períodos consecutivos? (p. 77); N206 Como calcular retorno acumulado de +5%, depois −4%? (p. 77); N207 Como comparar uma taxa bruta de fundo com uma taxa líquida? (p. 78)"
CPA 04,tema::taxas,6,N012 Qual é a diferença entre taxa nominal e taxa real? (p. 69); N013 Quanto rende em termos reais uma aplicação de 15% com inflação de 9%? (p. 69); N016 Como converter uma taxa mensal efetiva em taxa anual efetiva? (p. 73); N017 Como calcular a taxa real de um investimento com retorno de 15% e inflação de 5%? (p. 72); N204 Qual é a taxa efetiva anual equivalente a 4% ao mês? (p. 75); N205 Como diferem taxas proporcionais e equivalentes? (p. 76)
CPA 04,tema::tributacao,1,N207 Como comparar uma taxa bruta de fundo com uma taxa líquida? (p. 78)
CPA 04,tema::tvm,1,N209 Que cuidados tomar ao calcular valor presente e valor futuro na HP-12C? (p. 80)
CPA 05,tema::amortizacao,2,N019 Como funciona o sistema Price? (p. 84); N021 Como funciona o SAC? (p. 88)
CPA 05,tema::calculo,1,N022 Qual é a prestação inicial de um SAC de R$ 12.000 em 12 meses a 1% ao mês? (p. 89)
CPA 05,tema::comparacao,1,"N023 Como comparar Price e SAC para o mesmo principal, prazo e taxa? (p. 84,88)"
CPA 05,tema::formula,1,N020 Como se calcula cada prestação no sistema Price? (p. 85)
CPA 05,tema::price,3,"N019 Como funciona o sistema Price? (p. 84); N020 Como se calcula cada prestação no sistema Price? (p. 85); N023 Como comparar Price e SAC para o mesmo principal, prazo e taxa? (p. 84,88)"
CPA 05,tema::sac,3,"N021 Como funciona o SAC? (p. 88); N022 Qual é a prestação inicial de um SAC de R$ 12.000 em 12 meses a 1% ao mês? (p. 89); N023 Como comparar Price e SAC para o mesmo principal, prazo e taxa? (p. 84,88)"
CPA 06,tema::calculo,5,"N211 Qual é o WACC aproximado de empresa com PL R$100 mi a custo de 15%, dívida R$30 mi a 10% e IR de 30%? (p. 95); N213 Qual é a duration aproximada do título de R$1.000, cupom anual de 8%, vencimento em 5 anos e yield de 6%? (p. 97); N215 Como imunizar uma obrigação de 5 anos com títulos de duration 3 e 8 anos? (p. 101); N217 Quanto libera o desconto comercial de R$20.000 por 3 meses a 2% ao mês antes de tarifas? (p. 103); N221 Qual é o VPL do fluxo −R$50.000, +R$25.000, +R$20.000 e +R$15.000 a 8%? (p. 113)"
CPA 06,tema::desconto,3,N028 O que é desconto bancário simples? (p. 102); N216 Como diferem desconto racional e desconto comercial simples? (p. 102); N217 Quanto libera o desconto comercial de R$20.000 por 3 meses a 2% ao mês antes de tarifas? (p. 103)
CPA 06,tema::duration,6,"N026 O que mede a duration de Macaulay? (p. 96); N027 Como interpretar a relação entre juros de mercado e preço de um título prefixado? (p. 99); N212 Como calcular a duration de Macaulay? (p. 96); N213 Qual é a duration aproximada do título de R$1.000, cupom anual de 8%, vencimento em 5 anos e yield de 6%? (p. 97); N214 O que estima a duration modificada de 4,10? (p. 99); N215 Como imunizar uma obrigação de 5 anos com títulos de duration 3 e 8 anos? (p. 101)"
CPA 06,tema::formula,3,N025 Como calcular o custo médio ponderado de capital? (p. 95); N028 O que é desconto bancário simples? (p. 102); N212 Como calcular a duration de Macaulay? (p. 96)
CPA 06,tema::imunizacao,1,N215 Como imunizar uma obrigação de 5 anos com títulos de duration 3 e 8 anos? (p. 101)
CPA 06,tema::investimentos,6,"N029 Como usar o VPL para decidir sobre um investimento? (p. 112); N030 O que significa a TIR de um projeto? (p. 104); N218 Como interpretar a TMA em uma decisão de investimento? (p. 110); N219 Quando a TIR pode produzir mais de uma resposta? (p. 104); N220 O que a TIR modificada corrige em relação à TIR tradicional? (p. 108); N221 Qual é o VPL do fluxo −R$50.000, +R$25.000, +R$20.000 e +R$15.000 a 8%? (p. 113)"
CPA 06,tema::juros,1,N027 Como interpretar a relação entre juros de mercado e preço de um título prefixado? (p. 99)
CPA 06,tema::mirr,1,N220 O que a TIR modificada corrige em relação à TIR tradicional? (p. 108)
CPA 06,tema::modificada,1,"N214 O que estima a duration modificada de 4,10? (p. 99)"
CPA 06,tema::payback,1,N031 O que o payback descontado acrescenta ao payback simples? (p. 115)
CPA 06,tema::tir,2,N030 O que significa a TIR de um projeto? (p. 104); N219 Quando a TIR pode produzir mais de uma resposta? (p. 104)
CPA 06,tema::tma,1,N218 Como interpretar a TMA em uma decisão de investimento? (p. 110)
CPA 06,tema::vpl,2,"N029 Como usar o VPL para decidir sobre um investimento? (p. 112); N221 Qual é o VPL do fluxo −R$50.000, +R$25.000, +R$20.000 e +R$15.000 a 8%? (p. 113)"
CPA 06,tema::wacc,3,"N024 O que representa o WACC? (p. 95); N025 Como calcular o custo médio ponderado de capital? (p. 95); N211 Qual é o WACC aproximado de empresa com PL R$100 mi a custo de 15%, dívida R$30 mi a 10% e IR de 30%? (p. 95)"
CPA 07,tema::calculo,1,N228 O que é inflação acumulada em doze meses? (p. 125)
CPA 07,tema::cambio,1,N038 Como uma depreciação cambial afeta importações e exportações? (p. 147)
CPA 07,tema::copom,2,N034 Como distinguir Selic Meta de Selic Over? (p. 127); N229 Qual é o papel do Copom na definição da Selic? (p. 130)
CPA 07,tema::economia,3,"N149 O que é o fluxo circular da renda? (p. 118); N152 O que é elasticidade-preço da demanda? (p. 122); N225 Como se diferenciam mercados monetário, de crédito e de capitais? (p. 120)"
CPA 07,tema::economicas,1,N037 O que diferencia política fiscal de política monetária? (p. 135)
CPA 07,tema::elasticidade,1,N152 O que é elasticidade-preço da demanda? (p. 122)
CPA 07,tema::fiscal,2,N151 Como uma política fiscal expansionista pode afetar a demanda agregada? (p. 139); N231 O que é resultado primário do setor público? (p. 139)
CPA 07,tema::formula,1,N150 Como calcular o PIB pela ótica da despesa? (p. 124)
CPA 07,tema::indicadores,1,N227 Qual é a diferença entre IPCA e INPC segundo a apostila? (p. 131)
CPA 07,tema::inflacao,3,N033 Qual é a diferença entre inflação de demanda e de custos? (p. 125); N227 Qual é a diferença entre IPCA e INPC segundo a apostila? (p. 131); N228 O que é inflação acumulada em doze meses? (p. 125)
CPA 07,tema::mercados,1,"N225 Como se diferenciam mercados monetário, de crédito e de capitais? (p. 120)"
CPA 07,tema::monetaria,3,N035 Como uma alta da Selic tende a afetar consumo e inflação? (p. 133); N036 Quais instrumentos clássicos o Banco Central usa para administrar liquidez? (p. 136); N230 Como diferem política monetária expansionista e contracionista? (p. 137)
CPA 07,tema::pib,4,N032 O que o PIB mede pela ótica da produção? (p. 124); N149 O que é o fluxo circular da renda? (p. 118); N150 Como calcular o PIB pela ótica da despesa? (p. 124); N226 Como se distinguem PIB nominal e PIB real? (p. 124)
CPA 07,tema::politica,5,N035 Como uma alta da Selic tende a afetar consumo e inflação? (p. 133); N036 Quais instrumentos clássicos o Banco Central usa para administrar liquidez? (p. 136); N151 Como uma política fiscal expansionista pode afetar a demanda agregada? (p. 139); N230 Como diferem política monetária expansionista e contracionista? (p. 137); N231 O que é resultado primário do setor público? (p. 139)
CPA 07,tema::politicas,1,N037 O que diferencia política fiscal de política monetária? (p. 135)
CPA 07,tema::selic,2,N034 Como distinguir Selic Meta de Selic Over? (p. 127); N229 Qual é o papel do Copom na definição da Selic? (p. 130)
CPA 09,tema::cupons,1,N233 Como o Tesouro Prefixado com juros semestrais paga o investidor? (p. 158)
CPA 09,tema::educa,1,N235 Para que foram desenhados Tesouro RendA+ e Tesouro Educa+? (p. 162)
CPA 09,tema::ipca,2,N043 Como se caracteriza um título público indexado ao IPCA? (p. 161); N234 Qual é a diferença entre Tesouro IPCA+ e Tesouro IPCA+ com juros semestrais? (p. 161)
CPA 09,tema::precificacao,1,N041 O que acontece com o preço de um título prefixado quando a taxa de mercado sobe? (p. 157)
CPA 09,tema::prefixado,1,N232 Como funciona um Tesouro Prefixado sem cupom? (p. 156)
CPA 09,tema::pu,1,N040 O que é preço unitário (PU) de um título? (p. 155)
CPA 09,tema::remuneracao,1,N039 Quais são as três formas usuais de remuneração da renda fixa? (p. 154)
CPA 09,tema::rendA,1,N235 Para que foram desenhados Tesouro RendA+ e Tesouro Educa+? (p. 162)
CPA 09,tema::renda_fixa,2,N039 Quais são as três formas usuais de remuneração da renda fixa? (p. 154); N040 O que é preço unitário (PU) de um título? (p. 155)
CPA 09,tema::selic,1,N042 Como se caracteriza o Tesouro Selic? (p. 159)
CPA 09,tema::tesouro,7,N041 O que acontece com o preço de um título prefixado quando a taxa de mercado sobe? (p. 157); N042 Como se caracteriza o Tesouro Selic? (p. 159); N043 Como se caracteriza um título público indexado ao IPCA? (p. 161); N232 Como funciona um Tesouro Prefixado sem cupom? (p. 156); N233 Como o Tesouro Prefixado com juros semestrais paga o investidor? (p. 158); N234 Qual é a diferença entre Tesouro IPCA+ e Tesouro IPCA+ com juros semestrais? (p. 161); N235 Para que foram desenhados Tesouro RendA+ e Tesouro Educa+? (p. 162)
CPA 10,tema::cdb,1,N044 O que é um CDB? (p. 167)
CPA 10,tema::debenture,1,N048 Qual risco permanece em uma debênture? (p. 182)
CPA 10,tema::fgc,3,N046 O que o FGC protege e como se aplica o limite? (p. 177); N236 Quais instrumentos a apostila lista como cobertos pelo FGC? (p. 179); N237 Quais instrumentos a apostila indica como não cobertos pelo FGC? (p. 179)
CPA 10,tema::fgcoop,1,N047 Como o FGCoop se relaciona com depósitos em cooperativas? (p. 180)
CPA 10,tema::garantias,3,N046 O que o FGC protege e como se aplica o limite? (p. 177); N047 Como o FGCoop se relaciona com depósitos em cooperativas? (p. 180); N238 Qual é a prioridade de garantias em debêntures apresentada na apostila? (p. 183)
CPA 10,tema::lf,1,N153 O que é uma Letra Financeira? (p. 170)
CPA 10,tema::nota_promissoria,1,N239 Que prazo máximo a apostila atribui à nota promissória comercial? (p. 185)
CPA 10,tema::produtos,2,N236 Quais instrumentos a apostila lista como cobertos pelo FGC? (p. 179); N237 Quais instrumentos a apostila indica como não cobertos pelo FGC? (p. 179)
CPA 10,tema::titulos_bancarios,3,"N044 O que é um CDB? (p. 167); N045 Como diferenciar CDB, LCI e LCA pela finalidade? (p. 168); N153 O que é uma Letra Financeira? (p. 170)"
CPA 10,tema::titulos_corporativos,4,N048 Qual risco permanece em uma debênture? (p. 182); N154 O que diferencia uma debênture incentivada de uma debênture comum para a pessoa física? (p. 182); N238 Qual é a prioridade de garantias em debêntures apresentada na apostila? (p. 183); N239 Que prazo máximo a apostila atribui à nota promissória comercial? (p. 185)
CPA 10,tema::tributacao,1,N154 O que diferencia uma debênture incentivada de uma debênture comum para a pessoa física? (p. 182)
CPA 11,tema::calculo,1,N182 Como calcular IR e IOF para R$ 100 de rendimento resgatado no 15º dia? (p. 191)
CPA 11,tema::coe,4,N049 O que é um COE? (p. 187); N050 Por que o investidor deve ler o DIE de um COE? (p. 187); N184 O COE conta com cobertura do FGC? (p. 188); N314 Como diferem COE com valor nominal protegido e COE com valor nominal em risco? (p. 187)
CPA 11,tema::cupons,1,N179 Quando ocorre a incidência de IR sobre cupom de título de renda fixa? (p. 189)
CPA 11,tema::estruturas,1,N314 Como diferem COE com valor nominal protegido e COE com valor nominal em risco? (p. 187)
CPA 11,tema::fgc,1,N184 O COE conta com cobertura do FGC? (p. 188)
CPA 11,tema::iof,3,N052 Como o IOF afeta resgates de renda fixa no início da aplicação? (p. 189); N180 Como o IOF de renda fixa incide antes de 30 dias? (p. 189); N181 Qual é a alíquota de IOF indicada para resgate no 15º dia? (p. 190)
CPA 11,tema::ir,3,N177 Quais são as alíquotas regressivas do IR sobre renda fixa segundo a apostila? (p. 189); N178 Qual é a base de cálculo do IR em renda fixa segundo a apostila? (p. 189); N179 Quando ocorre a incidência de IR sobre cupom de título de renda fixa? (p. 189)
CPA 11,tema::isencao,1,N183 Quais investimentos de renda fixa a apostila lista como isentos de IR para pessoa física? (p. 189)
CPA 11,tema::renda_fixa,1,N051 Como funciona a tributação de renda fixa segundo a apostila? (p. 189)
CPA 11,tema::riscos,2,N050 Por que o investidor deve ler o DIE de um COE? (p. 187); N184 O COE conta com cobertura do FGC? (p. 188)
CPA 11,tema::tributacao,9,N051 Como funciona a tributação de renda fixa segundo a apostila? (p. 189); N052 Como o IOF afeta resgates de renda fixa no início da aplicação? (p. 189); N177 Quais são as alíquotas regressivas do IR sobre renda fixa segundo a apostila? (p. 189); N178 Qual é a base de cálculo do IR em renda fixa segundo a apostila? (p. 189); N179 Quando ocorre a incidência de IR sobre cupom de título de renda fixa? (p. 189); N180 Como o IOF de renda fixa incide antes de 30 dias? (p. 189); N181 Qual é a alíquota de IOF indicada para resgate no 15º dia? (p. 190); N182 Como calcular IR e IOF para R$ 100 de rendimento resgatado no 15º dia? (p. 191); N183 Quais investimentos de renda fixa a apostila lista como isentos de IR para pessoa física? (p. 189)
CPA 12,tema::acoes,7,"N056 O que é uma ação ordinária? (p. 208); N057 Como diferenciar dividendos de juros sobre capital próprio? (p. 212,231); N156 O que é direito de subscrição? (p. 210); N157 Como diferenciar análise fundamentalista de análise técnica? (p. 218); N242 O que caracteriza uma ação preferencial? (p. 208); N243 Como funciona o direito de subscrição em aumento de capital? (p. 213); N244 Qual é a diferença entre split e grupamento? (p. 214)"
CPA 12,tema::analise,1,N157 Como diferenciar análise fundamentalista de análise técnica? (p. 218)
CPA 12,tema::governanca,2,N055 O que significa governança corporativa? (p. 204); N155 O que é tag along? (p. 203)
CPA 12,tema::ipo,2,N053 O que distingue IPO de follow-on? (p. 192); N241 O que é período de reserva em um IPO? (p. 201)
CPA 12,tema::oferta_publica,4,N053 O que distingue IPO de follow-on? (p. 192); N054 Qual é a diferença entre oferta primária e secundária? (p. 194); N240 Como o mercado primário difere do secundário para ações? (p. 194); N241 O que é período de reserva em um IPO? (p. 201)
CPA 12,tema::subscricao,2,N156 O que é direito de subscrição? (p. 210); N243 Como funciona o direito de subscrição em aumento de capital? (p. 213)
CPA 12,tema::tag_along,1,N155 O que é tag along? (p. 203)
CPA 12,tema::tributacao,1,"N057 Como diferenciar dividendos de juros sobre capital próprio? (p. 212,231)"
CPA 13,tema::base_calculo,1,N266 Qual é a base tributável de uma venda de ações no mercado à vista? (p. 230)
CPA 13,tema::calculo,3,"N265 Como calcular o custo médio de duas compras de ações? (p. 230); N269 Em uma venda por R$90.000, com custo de R$60.000, despesas de R$600 e prejuízo compensável de R$2.000, qual o IR de operação comum? (p. 231); N270 Como se calcula o imposto de day trade sobre lucro de R$6.000? (p. 233)"
CPA 13,tema::compensacao,2,N247 Como se compensam prejuízos de day trade? (p. 235); N272 Como compensar prejuízos de renda variável? (p. 235)
CPA 13,tema::custo_medio,1,N265 Como calcular o custo médio de duas compras de ações? (p. 230)
CPA 13,tema::darf,1,N268 Qual prazo a apostila dá para recolher via DARF o IR de operação comum? (p. 231)
CPA 13,tema::day_trade,2,N270 Como se calcula o imposto de day trade sobre lucro de R$6.000? (p. 233); N271 Qual critério define uma operação de day trade para a apostila? (p. 233)
CPA 13,tema::ibovespa,1,N059 O que o Ibovespa procura representar? (p. 223)
CPA 13,tema::indices,5,N058 O que representa um índice de ações? (p. 221); N059 O que o Ibovespa procura representar? (p. 223); N273 Quais segmentos de renda fixa o IMA-B 5 e o IMA-B 5+ representam? (p. 223); N274 Como diferem Ibovespa e IBrX segundo a apostila? (p. 224); N275 O que o IDIV procura representar? (p. 225)
CPA 13,tema::irrf,1,N267 O que é o “dedo-duro” nas operações comuns com ações? (p. 231)
CPA 13,tema::renda_fixa,1,N273 Quais segmentos de renda fixa o IMA-B 5 e o IMA-B 5+ representam? (p. 223)
CPA 13,tema::renda_variavel,7,N060 Como a apostila caracteriza a tributação de operações comuns e day trade em ações? (p. 230); N061 Como funciona a isenção mensal de IR em vendas de ações no mercado à vista? (p. 231); N245 Qual é a alíquota indicada pela apostila para ganho em operações comuns com ações? (p. 232); N246 Qual é a alíquota indicada para day trade? (p. 230); N248 A isenção por vendas mensais de ações também vale para day trade? (p. 234); N274 Como diferem Ibovespa e IBrX segundo a apostila? (p. 224); N275 O que o IDIV procura representar? (p. 225)
CPA 13,tema::tributacao,14,"N060 Como a apostila caracteriza a tributação de operações comuns e day trade em ações? (p. 230); N061 Como funciona a isenção mensal de IR em vendas de ações no mercado à vista? (p. 231); N245 Qual é a alíquota indicada pela apostila para ganho em operações comuns com ações? (p. 232); N246 Qual é a alíquota indicada para day trade? (p. 230); N247 Como se compensam prejuízos de day trade? (p. 235); N248 A isenção por vendas mensais de ações também vale para day trade? (p. 234); N265 Como calcular o custo médio de duas compras de ações? (p. 230); N266 Qual é a base tributável de uma venda de ações no mercado à vista? (p. 230); N267 O que é o “dedo-duro” nas operações comuns com ações? (p. 231); N268 Qual prazo a apostila dá para recolher via DARF o IR de operação comum? (p. 231); N269 Em uma venda por R$90.000, com custo de R$60.000, despesas de R$600 e prejuízo compensável de R$2.000, qual o IR de operação comum? (p. 231); N270 Como se calcula o imposto de day trade sobre lucro de R$6.000? (p. 233); N271 Qual critério define uma operação de day trade para a apostila? (p. 233); N272 Como compensar prejuízos de renda variável? (p. 235)"
CPA 14,tema::aberto,1,N158 O que é um fundo aberto? (p. 247)
CPA 14,tema::classes,1,N249 Como diferem classes abertas e fechadas de fundos? (p. 241)
CPA 14,tema::cotas,1,N250 O que significa cota de abertura e cota de fechamento? (p. 244)
CPA 14,tema::cvm175,2,N063 Como classes abertas e fechadas segregam direitos e patrimônio no regulamento? (p. 239); N065 O que é segregação patrimonial entre classes? (p. 239)
CPA 14,tema::estrategias,1,N066 Como distinguir gestão ativa de gestão passiva? (p. 252)
CPA 14,tema::estrutura,1,N062 O que é um fundo de investimento? (p. 236)
CPA 14,tema::fif,1,N252 O que é fundo multimercado? (p. 246)
CPA 14,tema::fundos,12,N062 O que é um fundo de investimento? (p. 236); N063 Como classes abertas e fechadas segregam direitos e patrimônio no regulamento? (p. 239); N064 O que significa responsabilidade limitada dos cotistas? (p. 255); N065 O que é segregação patrimonial entre classes? (p. 239); N066 Como distinguir gestão ativa de gestão passiva? (p. 252); N158 O que é um fundo aberto? (p. 247); N159 O que significa come-cotas? (p. 252); N249 Como diferem classes abertas e fechadas de fundos? (p. 241); N250 O que significa cota de abertura e cota de fechamento? (p. 244); N251 O que pode acontecer se o fundo fechar para resgates por falta de liquidez? (p. 245); N252 O que é fundo multimercado? (p. 246); N253 O que significa alavancagem em um fundo? (p. 258)
CPA 14,tema::liquidez,1,N251 O que pode acontecer se o fundo fechar para resgates por falta de liquidez? (p. 245)
CPA 14,tema::riscos,2,N064 O que significa responsabilidade limitada dos cotistas? (p. 255); N253 O que significa alavancagem em um fundo? (p. 258)
CPA 14,tema::tributacao,1,N159 O que significa come-cotas? (p. 252)
CPA 15,tema::assembleia,5,N069 Para que serve a assembleia de cotistas? (p. 256); N185 Quais decisões cabem à assembleia geral de cotistas? (p. 256); N186 Qual é o prazo de convocação de assembleia e o prazo de divulgação das decisões? (p. 256); N187 Quem pode convocar assembleia de cotistas segundo a apostila? (p. 257); N257 Qual é o quórum de instalação da assembleia de cotistas de fundos (Resolução CVM 175)? (p. 256)
CPA 15,tema::calculo,1,"N192 Como se calcula a provisão diária de uma taxa de administração de 0,6% a.a. sobre PL de R$ 12 milhões? (p. 266)"
CPA 15,tema::cambial,1,N202 Qual exposição mínima caracteriza um fundo cambial? (p. 280)
CPA 15,tema::conta_ordem,1,N190 O que caracteriza investimento por conta e ordem? (p. 262)
CPA 15,tema::distribuicao,1,N189 Qual é a função do distribuidor de cotas? (p. 260)
CPA 15,tema::divida_externa,1,N200 Que concentração por emissor é citada para fundo de renda fixa de dívida externa? (p. 277)
CPA 15,tema::fia,1,N201 Qual percentual mínimo em ações caracteriza um FIA? (p. 278)
CPA 15,tema::fif,8,N071 O que é um FIF? (p. 272); N072 O que caracteriza um fundo cambial? (p. 276); N197 Quais limites definem um fundo de renda fixa de curto prazo? (p. 274); N198 Qual percentual mínimo de carteira caracteriza um fundo de renda fixa simples? (p. 275); N199 Quais limites descrevem um fundo de renda fixa referenciado? (p. 276); N200 Que concentração por emissor é citada para fundo de renda fixa de dívida externa? (p. 277); N201 Qual percentual mínimo em ações caracteriza um FIA? (p. 278); N202 Qual exposição mínima caracteriza um fundo cambial? (p. 280)
CPA 15,tema::fundos,20,"N067 Qual é a função do administrador fiduciário? (p. 258); N068 Qual é a função do gestor? (p. 259); N069 Para que serve a assembleia de cotistas? (p. 256); N070 Como a taxa de administração difere da taxa de performance? (p. 266); N185 Quais decisões cabem à assembleia geral de cotistas? (p. 256); N186 Qual é o prazo de convocação de assembleia e o prazo de divulgação das decisões? (p. 256); N187 Quem pode convocar assembleia de cotistas segundo a apostila? (p. 257); N188 Qual é a função do custodiante de um fundo? (p. 260); N189 Qual é a função do distribuidor de cotas? (p. 260); N190 O que caracteriza investimento por conta e ordem? (p. 262); N191 Para que serve o side pocket em um fundo? (p. 264); N192 Como se calcula a provisão diária de uma taxa de administração de 0,6% a.a. sobre PL de R$ 12 milhões? (p. 266); N193 Quando a taxa de performance é cobrada? (p. 267); N194 O que impede a linha d’água na taxa de performance? (p. 267); N195 Como funcionam taxas de ingresso e saída? (p. 269); N196 Como se altera o valor das taxas de administração, performance, entrada e saída? (p. 269); N254 O administrador de fundo pode garantir rentabilidade predeterminada? (p. 260); N255 Qual é o principal dever do gestor quanto à carteira? (p. 261); N256 Como marcação a mercado protege cotistas? (p. 270); N257 Qual é o quórum de instalação da assembleia de cotistas de fundos (Resolução CVM 175)? (p. 256)"
CPA 15,tema::linha_dagua,1,N194 O que impede a linha d’água na taxa de performance? (p. 267)
CPA 15,tema::marcacao_mercado,1,N256 Como marcação a mercado protege cotistas? (p. 270)
CPA 15,tema::participantes,6,N067 Qual é a função do administrador fiduciário? (p. 258); N068 Qual é a função do gestor? (p. 259); N188 Qual é a função do custodiante de um fundo? (p. 260); N189 Qual é a função do distribuidor de cotas? (p. 260); N254 O administrador de fundo pode garantir rentabilidade predeterminada? (p. 260); N255 Qual é o principal dever do gestor quanto à carteira? (p. 261)
CPA 15,tema::performance,1,N193 Quando a taxa de performance é cobrada? (p. 267)
CPA 15,tema::renda_fixa,3,N197 Quais limites definem um fundo de renda fixa de curto prazo? (p. 274); N198 Qual percentual mínimo de carteira caracteriza um fundo de renda fixa simples? (p. 275); N199 Quais limites descrevem um fundo de renda fixa referenciado? (p. 276)
CPA 15,tema::side_pocket,1,N191 Para que serve o side pocket em um fundo? (p. 264)
CPA 15,tema::taxas,4,"N070 Como a taxa de administração difere da taxa de performance? (p. 266); N192 Como se calcula a provisão diária de uma taxa de administração de 0,6% a.a. sobre PL de R$ 12 milhões? (p. 266); N195 Como funcionam taxas de ingresso e saída? (p. 269); N196 Como se altera o valor das taxas de administração, performance, entrada e saída? (p. 269)"
CPA 16,tema::calculo,1,N280 Como funciona o come-cotas no exemplo de fundo curto prazo? (p. 285)
CPA 16,tema::compensacao,1,N281 Como compensar perdas entre fundos? (p. 287)
CPA 16,tema::fii,5,N073 O que é um FII? (p. 281); N074 Como cotas de FII podem ser negociadas? (p. 282); N075 Quando rendimentos de FII podem ser isentos para pessoa física? (p. 283); N160 Como diferenciar FII de imóvel mantido diretamente? (p. 281); N282 Quais requisitos a apostila lista para isenção de rendimentos de FII a pessoa física? (p. 283)
CPA 16,tema::fundos,7,N276 Como se classificam fundos para tributação segundo o prazo médio da carteira? (p. 283); N277 Quais são as alíquotas de resgate de fundos de longo prazo? (p. 284); N278 Quais alíquotas incidem sobre fundos de curto prazo? (p. 284); N279 Há come-cotas em fundo de ações? (p. 286); N280 Como funciona o come-cotas no exemplo de fundo curto prazo? (p. 285); N281 Como compensar perdas entre fundos? (p. 287); N283 Quando ocorre o fato gerador de IR em fundos sujeitos a come-cotas? (p. 283)
CPA 16,tema::liquidez,1,N074 Como cotas de FII podem ser negociadas? (p. 282)
CPA 16,tema::tributacao,9,N075 Quando rendimentos de FII podem ser isentos para pessoa física? (p. 283); N276 Como se classificam fundos para tributação segundo o prazo médio da carteira? (p. 283); N277 Quais são as alíquotas de resgate de fundos de longo prazo? (p. 284); N278 Quais alíquotas incidem sobre fundos de curto prazo? (p. 284); N279 Há come-cotas em fundo de ações? (p. 286); N280 Como funciona o come-cotas no exemplo de fundo curto prazo? (p. 285); N281 Como compensar perdas entre fundos? (p. 287); N282 Quais requisitos a apostila lista para isenção de rendimentos de FII a pessoa física? (p. 283); N283 Quando ocorre o fato gerador de IR em fundos sujeitos a come-cotas? (p. 283)
CPA 17,tema::beneficio,1,N077 O que ocorre na fase de benefício? (p. 296)
CPA 17,tema::diferimento,1,N076 O que ocorre na fase de diferimento de um plano de previdência? (p. 288)
CPA 17,tema::pgbl,3,N078 Qual é a principal diferença tributária entre PGBL e VGBL no resgate? (p. 303); N079 Para quem o PGBL pode ser mais adequado na declaração? (p. 304); N258 Qual benefício fiscal o PGBL pode oferecer na fase de contribuição? (p. 307)
CPA 17,tema::previdencia,8,N076 O que ocorre na fase de diferimento de um plano de previdência? (p. 288); N077 O que ocorre na fase de benefício? (p. 296); N078 Qual é a principal diferença tributária entre PGBL e VGBL no resgate? (p. 303); N079 Para quem o PGBL pode ser mais adequado na declaração? (p. 304); N080 Para quem o VGBL pode ser mais adequado? (p. 305); N258 Qual benefício fiscal o PGBL pode oferecer na fase de contribuição? (p. 307); N259 Quando ocorre o fato gerador de IR em PGBL e VGBL? (p. 309); N260 Como a tabela regressiva de previdência muda com o prazo? (p. 310)
CPA 17,tema::regressivo,1,N260 Como a tabela regressiva de previdência muda com o prazo? (p. 310)
CPA 17,tema::tributacao,2,N258 Qual benefício fiscal o PGBL pode oferecer na fase de contribuição? (p. 307); N259 Quando ocorre o fato gerador de IR em PGBL e VGBL? (p. 309)
CPA 17,tema::vgbl,2,N078 Qual é a principal diferença tributária entre PGBL e VGBL no resgate? (p. 303); N080 Para quem o VGBL pode ser mais adequado? (p. 305)
CPA 18,tema::calculo,1,N262 Como funciona o crédito consignado? (p. 318)
CPA 18,tema::cartao,2,N084 Como funciona o crédito rotativo do cartão? (p. 317); N261 Como funciona o rotativo do cartão de crédito? (p. 316)
CPA 18,tema::cdc,1,N263 O que caracteriza crédito direto ao consumidor (CDC)? (p. 319)
CPA 18,tema::consignado,2,N083 O que caracteriza crédito consignado? (p. 318); N262 Como funciona o crédito consignado? (p. 318)
CPA 18,tema::credito,7,N083 O que caracteriza crédito consignado? (p. 318); N084 Como funciona o crédito rotativo do cartão? (p. 317); N161 O que é crédito pessoal não consignado? (p. 315); N261 Como funciona o rotativo do cartão de crédito? (p. 316); N262 Como funciona o crédito consignado? (p. 318); N263 O que caracteriza crédito direto ao consumidor (CDC)? (p. 319); N264 Como leasing difere de financiamento tradicional? (p. 320)
CPA 18,tema::emprestimo,1,N161 O que é crédito pessoal não consignado? (p. 315)
CPA 18,tema::leasing,1,N264 Como leasing difere de financiamento tradicional? (p. 320)
CPA 18,tema::previdencia,2,N081 Como os regimes progressivo e regressivo de previdência diferem? (p. 308); N082 Por que o prazo de cada contribuição importa no regime regressivo? (p. 309)
CPA 18,tema::regressivo,1,N082 Por que o prazo de cada contribuição importa no regime regressivo? (p. 309)
CPA 18,tema::tributacao,1,N081 Como os regimes progressivo e regressivo de previdência diferem? (p. 308)
CPA 21,tema::boleto,1,N299 Para que serve um boleto bancário? (p. 336)
CPA 21,tema::consorcio,2,N086 O que é consórcio? (p. 331); N087 O que significa ser contemplado em um consórcio? (p. 332)
CPA 21,tema::credito_imobiliario,2,N085 Que objetivos pode financiar o crédito imobiliário? (p. 329); N162 O que é alienação fiduciária em financiamento imobiliário? (p. 327)
CPA 21,tema::depositos,2,N089 Como diferenciar depósito à vista de depósito a prazo? (p. 335); N298 Como diferem depósito à vista e depósito a prazo? (p. 335)
CPA 21,tema::garantia,1,N162 O que é alienação fiduciária em financiamento imobiliário? (p. 327)
CPA 21,tema::pagamentos,4,N163 O que é subadquirente em pagamentos? (p. 336); N295 O que é um arranjo de pagamento? (p. 452); N296 Que etapas o adquirente executa em uma compra com cartão? (p. 453); N297 Quando um pequeno comércio pode usar um subadquirente? (p. 454)
CPA 21,tema::pix,1,N088 Qual é a função do Pix no sistema de pagamentos? (p. 333)
CPA 21,tema::sac,1,N085 Que objetivos pode financiar o crédito imobiliário? (p. 329)
CPA 21,tema::servicos_bancarios,8,N088 Qual é a função do Pix no sistema de pagamentos? (p. 333); N089 Como diferenciar depósito à vista de depósito a prazo? (p. 335); N163 O que é subadquirente em pagamentos? (p. 336); N295 O que é um arranjo de pagamento? (p. 452); N296 Que etapas o adquirente executa em uma compra com cartão? (p. 453); N297 Quando um pequeno comércio pode usar um subadquirente? (p. 454); N298 Como diferem depósito à vista e depósito a prazo? (p. 335); N299 Para que serve um boleto bancário? (p. 336)
CPA 22,tema::automovel,1,N308 Como funciona o bônus do seguro automóvel? (p. 341)
CPA 22,tema::carencia,1,N304 O que significa carência no seguro? (p. 338)
CPA 22,tema::cobertura,2,N093 Por que revisar exclusões e carências antes de contratar? (p. 340); N303 Qual é a diferença entre cobertura básica e adicional? (p. 338)
CPA 22,tema::contrato,2,N301 O que a apólice registra? (p. 337); N302 O que é endosso em um seguro? (p. 337)
CPA 22,tema::cosseguro,1,N305 Qual é a diferença entre resseguro e cosseguro? (p. 339)
CPA 22,tema::franquia,1,N091 O que é franquia em um seguro? (p. 338)
CPA 22,tema::indenizacao,1,N164 O que é indenização de seguro? (p. 340)
CPA 22,tema::participantes,1,N092 Qual é a diferença entre seguradora e corretora? (p. 339)
CPA 22,tema::residencial,1,N307 O seguro residencial cobre automaticamente todos os danos? (p. 341)
CPA 22,tema::resseguro,1,N305 Qual é a diferença entre resseguro e cosseguro? (p. 339)
CPA 22,tema::riscos,1,N300 Qual é a diferença entre risco puro e risco especulativo em seguros? (p. 337)
CPA 22,tema::seguros,14,N090 O que é prêmio de seguro? (p. 338); N091 O que é franquia em um seguro? (p. 338); N092 Qual é a diferença entre seguradora e corretora? (p. 339); N093 Por que revisar exclusões e carências antes de contratar? (p. 340); N164 O que é indenização de seguro? (p. 340); N300 Qual é a diferença entre risco puro e risco especulativo em seguros? (p. 337); N301 O que a apólice registra? (p. 337); N302 O que é endosso em um seguro? (p. 337); N303 Qual é a diferença entre cobertura básica e adicional? (p. 338); N304 O que significa carência no seguro? (p. 338); N305 Qual é a diferença entre resseguro e cosseguro? (p. 339); N306 Qual é a diferença entre seguro de vida temporário e vitalício? (p. 340); N307 O seguro residencial cobre automaticamente todos os danos? (p. 341); N308 Como funciona o bônus do seguro automóvel? (p. 341)
CPA 22,tema::vida,1,N306 Qual é a diferença entre seguro de vida temporário e vitalício? (p. 340)
CPA 23,tema::calculo,1,N096 Como calcular o percentual de poupança? (p. 353)
CPA 23,tema::ciclo_vida,1,N094 Como o ciclo de vida ajuda a organizar o planejamento financeiro? (p. 349)
CPA 23,tema::fluxo_caixa,2,N096 Como calcular o percentual de poupança? (p. 353); N097 Que função cumpre o fluxo de caixa pessoal? (p. 352)
CPA 23,tema::orcamento,1,N095 O que deve constar em um orçamento pessoal? (p. 351)
CPA 23,tema::planejamento,1,N094 Como o ciclo de vida ajuda a organizar o planejamento financeiro? (p. 349)
CPA 24,tema::amortizacao,1,N102 Por que a amortização antecipada deve ser comparada ao investimento alternativo? (p. 364)
CPA 24,tema::calculo,2,N099 Como medir o comprometimento de renda com dívidas? (p. 355); N310 Qual é o valor de uma reserva de seis meses para despesas essenciais de R$4.600 mensais? (p. 369)
CPA 24,tema::capacidade,1,N098 O que avaliar antes de recomendar novo crédito a um cliente? (p. 354)
CPA 24,tema::credito,4,N098 O que avaliar antes de recomendar novo crédito a um cliente? (p. 354); N099 Como medir o comprometimento de renda com dívidas? (p. 355); N100 Quando uma dívida pode ser uma ferramenta financeira? (p. 357); N102 Por que a amortização antecipada deve ser comparada ao investimento alternativo? (p. 364)
CPA 24,tema::dividas,2,N100 Quando uma dívida pode ser uma ferramenta financeira? (p. 357); N101 Qual é uma estratégia para reorganizar dívidas caras? (p. 359)
CPA 24,tema::reserva_emergencia,5,N309 Qual tamanho de reserva de emergência costuma ser adequado para a maioria das pessoas? (p. 368); N310 Qual é o valor de uma reserva de seis meses para despesas essenciais de R$4.600 mensais? (p. 369); N311 Que reserva a apostila sugere para renda instável ou dependentes? (p. 371); N312 Onde manter a reserva de emergência? (p. 371); N313 Por que o tamanho da reserva depende do capital humano? (p. 370)
CPA 25,tema::ativos,1,N107 Por que separar ativos geradores de renda dos bens de uso? (p. 381)
CPA 25,tema::balanco,2,N103 Como calcular o patrimônio líquido pessoal? (p. 376); N107 Por que separar ativos geradores de renda dos bens de uso? (p. 381)
CPA 25,tema::calculo,2,N289 Como calcular índice de endividamento sobre ativos? (p. 383); N290 Como calcular índice de poupança? (p. 383)
CPA 25,tema::cobertura,1,N288 Como calcular cobertura de despesas mensais? (p. 383)
CPA 25,tema::custo_divida,1,N294 Como calcular o custo médio da dívida? (p. 382)
CPA 25,tema::endividamento,4,"N105 Como diferem endividamento sobre ativos e dívida sobre patrimônio líquido? (p. 379,380); N165 Como interpretar um índice de endividamento de 40% dos ativos? (p. 379); N289 Como calcular índice de endividamento sobre ativos? (p. 383); N291 Como calcular dívida sobre patrimônio líquido? (p. 380)"
CPA 25,tema::indicadores,15,"N104 O que indica a liquidez corrente pessoal? (p. 383); N105 Como diferem endividamento sobre ativos e dívida sobre patrimônio líquido? (p. 379,380); N106 O que é cobertura de despesas por reserva? (p. 383); N165 Como interpretar um índice de endividamento de 40% dos ativos? (p. 379); N284 Como calcular o índice de liquidez corrente pessoal? (p. 383); N285 Como calcular liquidez seca? (p. 383); N286 Como calcular liquidez imediata? (p. 383); N287 Como calcular liquidez geral? (p. 383); N288 Como calcular cobertura de despesas mensais? (p. 383); N289 Como calcular índice de endividamento sobre ativos? (p. 383); N290 Como calcular índice de poupança? (p. 383); N291 Como calcular dívida sobre patrimônio líquido? (p. 380); N292 Como calcular o coeficiente de investimento do patrimônio? (p. 380); N293 Como calcular o coeficiente de renda passiva? (p. 382); N294 Como calcular o custo médio da dívida? (p. 382)"
CPA 25,tema::investimentos,1,N292 Como calcular o coeficiente de investimento do patrimônio? (p. 380)
CPA 25,tema::liquidez,5,N104 O que indica a liquidez corrente pessoal? (p. 383); N284 Como calcular o índice de liquidez corrente pessoal? (p. 383); N285 Como calcular liquidez seca? (p. 383); N286 Como calcular liquidez imediata? (p. 383); N287 Como calcular liquidez geral? (p. 383)
CPA 25,tema::patrimonio,1,N103 Como calcular o patrimônio líquido pessoal? (p. 376)
CPA 25,tema::poupanca,1,N290 Como calcular índice de poupança? (p. 383)
CPA 25,tema::renda_passiva,1,N293 Como calcular o coeficiente de renda passiva? (p. 382)
CPA 25,tema::reserva,1,N106 O que é cobertura de despesas por reserva? (p. 383)
CPA 26,tema::calculo,1,N316 Como é calculado ganho de capital na venda de um bem? (p. 387)
CPA 26,tema::classificacao,1,N315 Quais são as três categorias de rendimentos no IRPF apresentadas pela apostila? (p. 388)
CPA 26,tema::declaracao,1,N110 O que distingue os modelos completo e simplificado de declaração? (p. 389)
CPA 26,tema::ganho_capital,2,N109 Qual é a diferença entre ganho de capital e renda periódica? (p. 387); N316 Como é calculado ganho de capital na venda de um bem? (p. 387)
CPA 26,tema::investidores,1,N111 Como a apostila distingue investidor qualificado de profissional? (p. 392)
CPA 26,tema::irpf,6,N108 O que é rendimento tributável no IRPF? (p. 388); N109 Qual é a diferença entre ganho de capital e renda periódica? (p. 387); N110 O que distingue os modelos completo e simplificado de declaração? (p. 389); N315 Quais são as três categorias de rendimentos no IRPF apresentadas pela apostila? (p. 388); N316 Como é calculado ganho de capital na venda de um bem? (p. 387); N317 Qual parcela de renda bruta tributável a apostila admite deduzir em PGBL? (p. 390)
CPA 26,tema::previdencia,1,N317 Qual parcela de renda bruta tributável a apostila admite deduzir em PGBL? (p. 390)
CPA 26,tema::qualificacao,1,N111 Como a apostila distingue investidor qualificado de profissional? (p. 392)
CPA 26,tema::rendimentos,1,N108 O que é rendimento tributável no IRPF? (p. 388)
CPA 27,tema::api,1,N113 O que significa suitability? (p. 395)
CPA 27,tema::atendimento,1,N115 Como a escuta ativa melhora o atendimento? (p. 398)
CPA 27,tema::etica,1,N112 Que princípios devem orientar a conduta ética no mercado financeiro? (p. 394)
CPA 27,tema::suitability,2,N113 O que significa suitability? (p. 395); N114 O que fazer quando o cliente insiste em operação incompatível com seu perfil? (p. 397)
CPA 28,tema::coaf,1,N119 Qual é a função do Coaf? (p. 409)
CPA 28,tema::kyc,1,N116 Qual é o objetivo do KYC? (p. 400)
CPA 28,tema::monitoramento,1,N118 O que caracteriza uma operação suspeita para fins de PLDFT? (p. 405)
CPA 28,tema::pep,1,N120 Como pessoas expostas politicamente afetam a diligência devida? (p. 411)
CPA 28,tema::pldft,5,N117 Quais são as três etapas clássicas da lavagem de dinheiro? (p. 402); N118 O que caracteriza uma operação suspeita para fins de PLDFT? (p. 405); N119 Qual é a função do Coaf? (p. 409); N120 Como pessoas expostas politicamente afetam a diligência devida? (p. 411); N166 O que significa abordagem baseada em risco na PLDFT? (p. 400)
CPA 28,tema::risco,1,N166 O que significa abordagem baseada em risco na PLDFT? (p. 400)
CPA 29,tema::crimes,3,N123 O que caracteriza insider trading? (p. 415); N124 O que é spoofing no mercado? (p. 417); N125 O que caracteriza front running? (p. 419)
CPA 29,tema::dados,1,N121 O que é dado pessoal segundo a LGPD? (p. 412)
CPA 29,tema::front_running,1,N125 O que caracteriza front running? (p. 419)
CPA 29,tema::insider,1,N123 O que caracteriza insider trading? (p. 415)
CPA 29,tema::lgpd,2,N121 O que é dado pessoal segundo a LGPD? (p. 412); N122 Quais princípios da LGPD orientam o tratamento de dados de clientes? (p. 413)
CPA 29,tema::mercado,3,N123 O que caracteriza insider trading? (p. 415); N124 O que é spoofing no mercado? (p. 417); N125 O que caracteriza front running? (p. 419)
CPA 29,tema::principios,1,N122 Quais princípios da LGPD orientam o tratamento de dados de clientes? (p. 413)
CPA 29,tema::spoofing,1,N124 O que é spoofing no mercado? (p. 417)
CPA 31,tema::engajamento,1,N127 O que é engajamento acionário em estratégia ESG? (p. 425)
CPA 31,tema::esg,8,"N126 O que significam os pilares ambiental, social e de governança em ESG? (p. 423); N127 O que é engajamento acionário em estratégia ESG? (p. 425); N128 Como um fundo pode integrar fatores ESG à análise de investimentos? (p. 426); N129 Qual é a diferença entre risco climático físico e de transição? (p. 429); N130 O que caracteriza um título verde? (p. 430); N167 O que diferencia investimento sustentável de simples rotulagem ESG? (p. 430); N168 O que é greenwashing? (p. 431); N169 O que são títulos sociais e sustentáveis? (p. 430)"
CPA 31,tema::greenwashing,1,N168 O que é greenwashing? (p. 431)
CPA 31,tema::investimentos,2,N128 Como um fundo pode integrar fatores ESG à análise de investimentos? (p. 426); N167 O que diferencia investimento sustentável de simples rotulagem ESG? (p. 430)
CPA 31,tema::pilares,1,"N126 O que significam os pilares ambiental, social e de governança em ESG? (p. 423)"
CPA 31,tema::risco_climatico,1,N129 Qual é a diferença entre risco climático físico e de transição? (p. 429)
CPA 31,tema::titulos,2,N130 O que caracteriza um título verde? (p. 430); N169 O que são títulos sociais e sustentáveis? (p. 430)
CPA 32,tema::blockchain,3,N131 Como funciona um blockchain? (p. 434); N132 Como diferenciar blockchain permissionada de pública? (p. 434); N171 O que é uma DAO? (p. 439)
CPA 32,tema::criptoativos,7,N134 O que é um criptoativo? (p. 437); N135 Qual é a diferença entre hot wallet e cold wallet? (p. 438); N137 O que é uma stablecoin? (p. 445); N170 O que é um token não fungível (NFT)? (p. 444); N172 Como um ETF de Bitcoin difere da custódia direta de criptoativo? (p. 447); N173 O que representa o Drex na apostila? (p. 448); N174 O que é renda fixa digital? (p. 446)
CPA 32,tema::custodia,1,N135 Qual é a diferença entre hot wallet e cold wallet? (p. 438)
CPA 32,tema::dao,1,N171 O que é uma DAO? (p. 439)
CPA 32,tema::drex,1,N173 O que representa o Drex na apostila? (p. 448)
CPA 32,tema::etf,1,N172 Como um ETF de Bitcoin difere da custódia direta de criptoativo? (p. 447)
CPA 32,tema::nft,1,N170 O que é um token não fungível (NFT)? (p. 444)
CPA 32,tema::redes,1,N132 Como diferenciar blockchain permissionada de pública? (p. 434)
CPA 32,tema::renda_fixa_digital,1,N174 O que é renda fixa digital? (p. 446)
CPA 32,tema::smart_contracts,1,N136 O que é um smart contract? (p. 440)
CPA 32,tema::stablecoin,1,N137 O que é uma stablecoin? (p. 445)
CPA 32,tema::tokenizacao,1,N133 O que é tokenização? (p. 435)
CPA 33,tema::consentimento,1,N176 Como deve ocorrer o compartilhamento de dados no Open Finance? (p. 455)
CPA 33,tema::credenciador,1,N175 O que faz um credenciador? (p. 453)
CPA 33,tema::credito,1,N139 O que diferencia SCD de SEP na concessão de crédito? (p. 452)
CPA 33,tema::fintechs,3,N138 O que é uma fintech? (p. 448); N139 O que diferencia SCD de SEP na concessão de crédito? (p. 452); N140 Como funciona o sandbox regulatório? (p. 450)
CPA 33,tema::governanca,1,N144 Como a apostila descreve o uso de modelos de IA para risco de crédito? (p. 461)
CPA 33,tema::ia,2,N143 Para que serve um prompt em uma ferramenta de IA generativa? (p. 460); N144 Como a apostila descreve o uso de modelos de IA para risco de crédito? (p. 461)
CPA 33,tema::open_finance,2,N141 O que é Open Finance? (p. 455); N176 Como deve ocorrer o compartilhamento de dados no Open Finance? (p. 455)
CPA 33,tema::open_insurance,1,N142 O que acrescentam Open Investment e Open Insurance? (p. 457)
CPA 33,tema::open_investment,1,N142 O que acrescentam Open Investment e Open Insurance? (p. 457)
CPA 33,tema::pagamentos,1,N175 O que faz um credenciador? (p. 453)
CPA 33,tema::prompt,1,N143 Para que serve um prompt em uma ferramenta de IA generativa? (p. 460)
CPA 33,tema::sandbox,1,N140 Como funciona o sandbox regulatório? (p. 450)
